Date,Product,Category,Region,Salesperson,Units_Sold,Unit_Price
2026-01-05,Laptop,Electronics,North,Rahul,5,55000
2026-01-08,Mouse,Accessories,West,Aman,20,800
2026-01-12,Keyboard,Accessories,South,Priya,15,1500
2026-01-15,Monitor,Electronics,East,Rohit,8,12000
2026-01-20,Laptop,Electronics,West,Aman,3,55000
2026-02-03,Keyboard,Accessories,North,Rahul,25,1500
2026-02-10,Monitor,Electronics,South,Priya,6,12000
2026-02-18,Mouse,Accessories,East,Rohit,30,800
2026-02-25,Laptop,Electronics,South,Priya,4,55000
2026-03-02,Monitor,Electronics,North,Rahul,10,12000
2026-03-10,Mouse,Accessories,West,Aman,35,800
2026-03-18,Keyboard,Accessories,East,Rohit,20,1500
2026-03-25,Laptop,Electronics,North,Rahul,6,55000
2026-04-05,Monitor,Electronics,West,Aman,9,12000
2026-04-12,Mouse,Accessories,South,Priya,40,800
2026-04-20,Keyboard,Accessories,North,Rahul,18,1500
2026-05-03,Laptop,Electronics,East,Rohit,5,55000
2026-05-10,Monitor,Electronics,South,Priya,7,12000
2026-05-18,Mouse,Accessories,North,Rahul,28,800
2026-05-25,Keyboard,Accessories,West,Aman,22,1500
2026-06-04,Laptop,Electronics,South,Priya,3,55000
2026-06-11,Monitor,Electronics,East,Rohit,11,12000
2026-06-19,Mouse,Accessories,North,Rahul,32,800
2026-06-27,Keyboard,Accessories,West,Aman,24,1500
